{"vRrVdBGDkR5pzS/4v1kpMA==":"icon-180x180.png","kKopd/mSaNUiIs3ilUp+yQ==":"photo_38883-20150623-2000x1279.jpg","JEbxRLMokD0HI3iv2yOFbg==":"logo-192x32.jpg","04hZJLXaBzbwM020KrjBsg==":"logo-999x165.jpg","nA06o1DN8vGVQo27IGmACg==":"logo-1-999x165.jpg","UlhiDMfndcmBVEMUw70LeA==":"photo_38883-20150624-2000x1279.jpg","OzhVFR275mp1TCBWcAyPUQ==":"photo_38883-20150625-2000x1279.jpg","0OOE1Usrtktm437Z/qTMRQ==":"background2.jpg","X5UIti+rC09DCI6QjymRew==":"contact%20us-1200x1200.png","HPv/Z6CEc/MJU0PnozHiRg==":"mbr-720x1080.jpg","XC9QCr9lwi1XG0fbFpjB5w==":"mbr-1620x1080.jpg","d2uv7X9wLBoLxe/y8DsyHg==":"abt-1203x403.png","Hf0hc1JCzfy9w74flTX3ew==":"abt-1-1203x403.png","Ubya1QKe6Yjwp35l4H3z2Q==":"combined-effluent-treatment-plant-500x265.jpg","qcuDDd/Kg7zbPi644V07TQ==":"cswp-539x250.jpg","XBmKSKOcDjZzcV9Ha4QeeA==":"coe-539x250.jpg","rjWgXW5i5sDV3vzqrexkrA==":"photo_38883-20150626-2000x1279.jpg"}